order,source_export_name,integrated_name,source_path
00,IMG_5643.png,IMG_5643_onboarding_00.jpeg,/Users/luis/exportOnBoarding/IMG_5643.png
01,IMG_5644.png,IMG_5644_onboarding_01.jpeg,/Users/luis/exportOnBoarding/IMG_5644.png
02,IMG_5645.png,IMG_5645_onboarding_02.jpeg,/Users/luis/exportOnBoarding/IMG_5645.png
03,IMG_5646.png,IMG_5646_onboarding_03.jpeg,/Users/luis/exportOnBoarding/IMG_5646.png
04,IMG_5647.png,IMG_5647_onboarding_04.jpeg,/Users/luis/exportOnBoarding/IMG_5647.png
05,IMG_5648.png,IMG_5648_onboarding_05.jpeg,/Users/luis/exportOnBoarding/IMG_5648.png
06,IMG_5649.png,IMG_5649_onboarding_06.jpeg,/Users/luis/exportOnBoarding/IMG_5649.png
07,IMG_5650.png,IMG_5650_onboarding_07.jpeg,/Users/luis/exportOnBoarding/IMG_5650.png
08,IMG_5651.png,IMG_5651_onboarding_08.jpeg,/Users/luis/exportOnBoarding/IMG_5651.png
09,IMG_5652.png,IMG_5652_onboarding_09.jpeg,/Users/luis/exportOnBoarding/IMG_5652.png
10,IMG_5653.png,IMG_5653_onboarding_10.jpeg,/Users/luis/exportOnBoarding/IMG_5653.png
11,IMG_5654.png,IMG_5654_onboarding_11.jpeg,/Users/luis/exportOnBoarding/IMG_5654.png
12,IMG_5655.png,IMG_5655_onboarding_12.jpeg,/Users/luis/exportOnBoarding/IMG_5655.png
13,IMG_5656.png,IMG_5656_onboarding_13.jpeg,/Users/luis/exportOnBoarding/IMG_5656.png
14,IMG_5657.png,IMG_5657_onboarding_14.jpeg,/Users/luis/exportOnBoarding/IMG_5657.png
15,IMG_5658.png,IMG_5658_onboarding_15.jpeg,/Users/luis/exportOnBoarding/IMG_5658.png
16,IMG_5659.png,IMG_5659_onboarding_16.jpeg,/Users/luis/exportOnBoarding/IMG_5659.png
17,IMG_5660.png,IMG_5660_onboarding_17.jpeg,/Users/luis/exportOnBoarding/IMG_5660.png
18,IMG_5661.png,IMG_5661_onboarding_18.jpeg,/Users/luis/exportOnBoarding/IMG_5661.png
19,IMG_5662.png,IMG_5662_onboarding_19.jpeg,/Users/luis/exportOnBoarding/IMG_5662.png
20,IMG_5663.png,IMG_5663_onboarding_20.jpeg,/Users/luis/exportOnBoarding/IMG_5663.png
21,IMG_5664.png,IMG_5664_onboarding_21.jpeg,/Users/luis/exportOnBoarding/IMG_5664.png
